VizID,timelineNbr,County,ResponsibleCMA,ProjectName,Description,ProjectCost,ProjectStart,ProjectCompletion
1,84,Alameda,ACTC,ACTC Express Lanes (I-680),"Constructs HOV/HOT lanes on I-680 from SR-237 in Santa Clara County to SR-84 in Alameda County, including ramp metering throughout the project limits.",210,2016,2018
2,17,Alameda,ACTC,ACTC Express Lanes (I-580),Converts the I-580 westbound high-occupancy vehicle (HOV) Lane to a high-occupancy toll (HOT) lane from Greenville Road in Livermore to San Ramon Road/Foothill Road in Dublin/Pleasanton. Access limited to designated ingress/egress points. Also converts existing eastbound HOV lane to a two-lane HOT lane facility.,36.6,2012,2014
3,4,Alameda,ACTC,BART Extension to Warm Springs,"Extends BART to Warm Springs. The one-station, 5.4-mile extension begins at the Fremont station and extends to Warm Springs in southern Fremont. The proposed Warm Springs station would have approximately 2,300 parking spaces.",890,2009,2014
4,31,Alameda,ACTC,Irvington BART Station,Constructs a new BART station in the Irvington Priority Development Area (PDA) in Fremont.,127,2013,2015
5,68,Alameda,ACTC,Union City Commuter Rail Station,"Includes passenger rail improvements from Industrial Parkway in Hayward to the Shinn Yards in Fremont. Also includes rail connections, grade separation of the UPRR Oakland Subdivision over Decoto Road in the Priority Development Area (PDA) and a passenger rail station that connects to and interfaces with Union City BART.",231.5,2015,2040
6,42,Alameda,ACTC,East Bay BRT,"Makes major transit improvements in the most heavily-traveled corridor in AC Transit's service area. The full-scale bus rapid transit (BRT) improvements include: dedicated lanes, traffic signal priority, new transit stations, boarding platforms and pre-paid boarding.",217.8,2014,2015
7,88,Alameda,ACTC,Grand-MacArthur BRT,"Makes major transit improvements in one of the most heavily-traveled corridors in AC Transit's service area. The full-scale bus rapid transit (BRT) improvements include: queue jump lanes and peak period travel lanes, traffic signal priority, new transit stations or boarding platforms, real-time passenger information and rider amenities.",41,2017,2018
8,81,Alameda,ACTC,Alameda-Oakland BRT,"Offers transit access between Oakland and Alameda (connecting two Priority Development Areas or PDAs) by constructing a bus rapid transit (BRT) facility from the Alameda Naval Station PDA to the 12th Street BART station with a goal of providing 15-minute headways. This transit system will link various other transit enhancements like the International Boulevard BRT line, transit systems supporting the Lake Merritt BART Station PDA, the Oak Street to Ninth Street project and other infill developments in Alameda and Oakland. A recent analysis shows that approximately 5,600 daily riders from Alameda alone could be served by the BRT system. Also implements rapid bus service from the Alameda Point PDA via Webster Street, Lincoln Avenue, Tilden Way, the Fruitvale Avenue Bridge (Miller Sweeney Bridge) and Fruitvale Avenue to the Fruitvale BART station.",,2016,2017
9,9,Alameda,ACTC,BART Extension to Oakland Airport,A 3.2 mile long Automated Guideway Transit (AGT) system running on an exclusive right-of-way along the Hegenberger Road corridor between the Coliseum BART and the Coliseum Amtrak Stations and the Oakland International Airport.,484,2011,2014
10,12,Multiple,ACTC,I-80 Integrated Corridor Management,"Implements Adaptive Ramp Metering (ARM) and Active Traffic Management (ATM) strategies to reduce congestion and provide incident management capabilities. The project limits are along the I-80 corridor from the Carquinez Bridge (in Contra Costa County) to the San Francisco-Oakland Bay Bridge Toll Plaza (in Alameda County), including parallel and connecting arterials. This project will install new and upgrade existing corridor management elements along the I-80 corridor and along parallel and connecting arterials to allow sharing of real-time traveler information among public agencies and the public.",101.4,2011,2015
11,85,Alameda,ACTC,I-80/Ashby Avenue Interchange Improvements,Reconstructs the Ashby Avenue interchange. The proposed interchange elements include construction of a new bridge to replace the two existing bridges and construction of two roundabouts.,53.6,2016,2018
12,7,Alameda,ACTC,I-580 Widening (Greenville Road to North Flynn Road),Constructs an eastbound truck climbing lane on I-580 from the Greenville Road undercrossing in Livermore to one mile east of North Flynn Road (Altamont Summit) in Alameda County.,66.3,2011,2013
13,103,Alameda,ACTC,I-580/Vasco Road Interchange Improvements,Modifies the I-580/Vasco Road interchange in Livermore. Widens the I-580 overcrossing to provide eight traffic lanes and bike lanes/shoulders. Constructs auxiliary lanes between Vasco Road and First Street. Adds a new loop ramp in the southwest quadrant of the interchange. Includes widening Vasco Road to eight lanes between Northfront Road and Las Positas Road and other local roadway improvements.,63.9,2022,2025
14,69,Alameda,ACTC,I-580/Greenville Road Interchange Improvements,Reconstructs and modifies the I-580/Greenville Road interchange in Livermore.,53.9,2015,2040
15,90,Alameda,ACTC,I-680/SR-84 Interchange Improvements,Constructs interchange improvements for the SR-84/I-680 interchange and constructs auxiliary lanes on I-680 between Andrade Road in Sunol and SR-84.,,2017,2019
16,82,Alameda,ACTC,I-880/Jackson Street Interchange Improvements,Improves operations and multi-modal access within the vicinity of the I-880/Broadway-Jackson Interchange in Oakland's Chinatown.,,2016,2017
17,22,Alameda,ACTC,I-880/23rd Avenue Interchange Improvements,Provides for improvements to the freeway on- and off-ramp at northbound I-880 at 23rd Avenue in Oakland. The project will also replace the structure of the overcrossing.,,2012,2016
18,23,Alameda,ACTC,I-880/29th Avenue Interchange Improvements,Provides for improvements to the freeway on- and off-ramp at northbound I-880 at 29th Avenue in Oakland. The project will also replace the structure of the overcrossing.,,2012,2016
19,70,Alameda,ACTC,I-880/A Street Interchange Improvements,Reconstructs the interchange to accommodate widening of A Street in Hayward from five lanes to six lanes underneath the overpass. This will require constructing one additional freeway lane in each direction. This would also involve intersection and signal modifications.,64,2015,2040
20,71,Alameda,ACTC,I-880/Industrial Parkway Interchange Improvements,Reconstructs interchange to provide a northbound off-ramp at Industrial Parkway in Hayward and provide a southbound HOV bypass lane on the southbound loop on-ramp. Reconstructs bridge over I-880.,64.8,2015,2040
21,48,Alameda,ACTC,I-880/Whipple Road Interchange Improvements,"Full interchange improvements at Whipple Road/I-880, including northbound off-ramp and surface street improvements and realignment at the Union City and Hayward city limits.",61.9,2014,2016
22,21,Alameda,ACTC,I-880/SR-262 Interchange Improvements,Reconstructs the SR-262 (Mission Boulevard)/Warren Avenue/I-880 Interchange in Fremont and widens I-880. Includes direct connectors between SR-262 with HOV bypass lanes along the on-ramps and freeway widening to provide for the completion of HOV lanes from Alameda County to the Santa Clara County line. Completes widening on SR-262 and reconstructs two UPRR underpasses.,141.9,2012,2015
23,26,Alameda,ACTC,SR-84 Widening (I-680 to Jack London Boulevard),Widens SR-84 from Pigeon Pass to I-680 and includes construction of auxiliary lanes on I-680 between Andrade Road in Sunol and SR-84. Also widens SR-84 from two lanes to four lanes from north of Pigeon Pass to Stanley Boulevard in Livermore and from two lanes to six lanes from Stanley Boulevard to Jack London Boulevard in Livermore.,,2012,2019
24,32,Alameda,ACTC,SR-262 Widening (I-680 to I-880),Increases mobility between I-680 and I-880 in Fremont. Improves the most direct and heavily used east-west cross-connector corridor in Alameda County. Widens Mission Boulevard to three lanes in each direction throughout the I-680 interchange. Extends the westbound right turn lane from Warm Springs Boulevard to Mohave Drive and both westbound left-turn lanes at Warm Springs Boulevard an additional 130 ft. Regrades and rebuilds the northbound and southbound I-680 on- and off-ramps. Installs two new intersections with street lights and storm drain treatment at the northbound and southbound I-680 on- and off-ramps. Relocates existing facilities on westbound Mission Boulevard between Warm Springs Boulevard and Mohave Drive.,20.1,2013,2015
25,6,Alameda,ACTC,SR-238 & SR-185 Operational Improvements,"Adds travel lanes on Foothill Boulevard north of the Mission-Foothill-Jackson intersection by removing parking during the peak hours and south of Mission-Foothill-Jackson to Palisades Street. Provides spot widening at Mission Boulevard/Carlos Bee Boulevard and improvements at Mission Boulevard/Harder Road, Mission Boulevard/Berry Avenue, Mission Boulevard/Moreau High School and Mission Boulevard/Tennyson Road. Constructs a one-way loop system in downtown Hayward by converting Foothill Boulevard between Jackson Street and A Street to six lanes northbound, A Street between Foothill Boulevard and A Street to five lanes westbound and Mission Boulevard to five lanes southbound between A Street and Jackson Street. Provides pavement overlays on Mission Boulevard south of Industrial Boulevard to the south Hayward city limits and adds traffic signal at Mission Boulevard/Blanche Street. Also provides pavement overlay on southbound SR-185 north of A Street to the north Hayward city limits.",122.5,2010,2012
26,41,Alameda,ACTC,SR-92/Clawiter Road/Whitesell Street Interchange Improvements,"Upgrades the existing Clawiter Road interchange at SR-92 in Hayward to add ramps and an overcrossing for the Whitesell Street extension and signalizes ramp intersections. Constructs a new diamond interchange at SR-92 and Whitesell Street that would be extended to the south of the freeway to form a T-intersection with Clawiter Road. Provides a new on-ramp from southbound Clawiter Road to SR-92 westbound on a bridge over the SR-92 westbound off-ramp to Whitesell Street. Improves access to and from SR-92 in the area of the existing Clawiter Road interchange to provide some congestion relief to I-880 and several major arterials such as Winton Avenue, Clawiter Road and Depot Road. ",162.1,2013,2040
27,72,Multiple,ACTC,New Ferry Route to Berkeley,"In order to provide ferry service from Berkeley/Albany to San Francisco, this project includes capital expenditures for landside improvements associated with the Berkeley WETA Ferry Terminal, including roadway improvements, parking, lighting, traffic signal controls, surface transit infrastructure, bicycle and pedestrian infrastructure.",421.4,2015,2040
28,10,Contra Costa,CCTA,SR-4 HOV Lanes,Widens SR-4 in Antioch from four to eight lanes (three mixed-flow lanes plus an HOV lane in each direction) including auxiliary lanes and a wide median for mass transit from Somersville Road to Hillcrest Avenue and from four lanes to six lanes (three mixed-flow in each direction) from Hillcrest Avenue to SR-160.,,2011,2014
29,14,Contra Costa,CCTA,eBART to Antioch,"The eBART project would be an extension of rail service east from the Pittsburg/Bay Point BART station into the communities of Pittsburgh and Antioch in eastern Contra Costa County. As proposed, eBART would utilize diesel multiple unit (DMU) rail vehicles and standard gauge track rather than standard BART vehicle and technology. DMU trains would run from a transfer platform located east of the Pittsburgh/Bay Point BART Station for approximately ten miles to stations located in the vicinity of Railroad Avenue in Pittsburgh and Hillcrest Avenue in Antioch. Includes construction of an eBART station in the SR-4 median at Railroad Avenue in Pittsburg.",509.6,2011,2016
30,40,Contra Costa,CCTA,Hercules Commuter Rail Station,"Includes modification of existing rail track, construction of two platforms (center and inland) and installation of train amenities (landscaping, bus shelters, lighting and information kiosk). Constructs the Hercules Intermodal Station, which includes improvements to railroad tracks, construction of a platform and pedestrian bridge to platform, building the station structure and plaza, building the nearby ferry station building, expanding John Muir Parkway to two lanes in each direction, providing trail connections and adding 226 surface parking spaces. Adds a 450-space parking structure to serve the Hercules rail station and the ferry terminal.",109.9,2013,2025
31,49,Contra Costa,CCTA,I-80/San Pablo Dam Road Interchange Improvements,"Reconstructs interchange to improve traffic operations. Due to the close proximity, project includes relocation of the isolated westbound El Portal Drive on-ramp to the full interchange northward and providing access to McBryde Road through a frontage road from the San Pablo Dam Road interchange instead of the existing McBryde westbound off-ramp. Also includes replacing the Riverside Avenue pedestrian overcrossing.",114,2014,2016
32,64,Contra Costa,CCTA,I-680/SR-4 Interchange Improvements,"Improves the I-680/SR-4 interchange, which consists of freeway to freeway direct connectors for northbound I-680 traffic moving to westbound SR-4 and traffic moving from westbound SR-4 to southbound I-680 as well as widening of SR-4 between SR-242 and Morello Avenue from two lanes to three lanes per direction. The two-lane direct connectors will replace a single lane loop ramp and a single lane diagonal ramp, respectively. The project will eliminate weaving between the I-680 and Pacheco Boulevard ramps by constructing two loop ramps and two direct connection flyover ramps. Provides additional improvements to the three-level interchange constructed. The project also will connect southbound I-680 to eastbound SR-4, westbound SR-4 to northbound I-680 and it will construct HOV flyover ramps from westbound SR-4 to southbound I-680 and from northbound I-680 to eastbound SR-4.",425.4,2015,2020
33,59,Contra Costa,CCTA,New I-680 Interchange at Norris Canyon Road,"Includes construction of an overcrossing, widening of median, construction of new HOV-only on- and off-ramps in both the northbound and southbound directions and modifications to the local street network.",101.6,2015,2017
34,11,Contra Costa,CCTA,SR-4 Widening (Somersville Road to SR-160),Widens SR-4 from four to eight lanes (three mixed-flow lanes plus an HOV lane in each direction) including auxiliary lanes and a wide median for mass transit from Somersville Road to Hillcrest Avenue in Antioch and from four lanes to six lanes (three mixed-flow lanes in each direction) from Hillcrest Avenue to SR-160.,,2011,2014
35,15,Contra Costa,CCTA,SR-4 Widening (Lone Tree Way to Balfour Road),"Convert two-lane expressway to a four-lane freeway from Lone Tree Way to Balfour Road in Brentwood, with interchanges at Sand Creek Road and Balfour Road.",123.8,2011,2016
36,27,Contra Costa,CCTA,SR-4/SR-160/Phillips Lane Interchange Improvements,"Provides freeway-to-freeway direct connectors from the westbound SR-4 bypass to northbound SR-160 in Antioch, and from southbound SR-160 to the eastbound SR-4 bypass. The Phillips Lane interchange provides a tight diamond road configuration connecting SR-4 to an extension of Phillips Lane from Oakley Road.",103.3,2012,2020
37,43,Multiple,CCTA,New Ferry Route to Richmond,Implements ferry service from Richmond to San Francisco as identified in the Water Emergency Transportation Authority's (WETA) Implementation and Operations Plan.,53.4,2014,2015
38,44,Multiple,CCTA,New Ferry Route to Hercules,This project would provide ferry service between Hercules and San Francisco consistent with the Water Emergency Transportation Authority's (WETA) Implementation and Operations Plan and MTC's Resolution No. 3434.,53.7,2014,2015
39,73,San Francisco,SFCTA,San Francisco Central Business District (CBD) Congestion Pricing,Implement San Francisco congestion pricing programs (including Treasure Island congestion pricing and cordon pricing). Also includes transit capital and maintenance improvements.,,2015,2040
40,74,San Francisco,SFCTA,Treasure Island Congestion Pricing,Implement Treasure Island congestion pricing and cordon pricing. Also includes transit capital and maintenance improvements.,,2015,2040
41,39,San Francisco,SFCTA,Caltrain Downtown Extension,Extension of Caltrain commuter rail service from its current San Francisco terminus at Fourth and King Streets to a new underground terminus at the Transbay Transit Center (part of the overall Transbay Project).,2596,2013,2020
42,3,San Francisco,SFCTA,Transbay Transit Center,"The Transbay Transit Center project has three major components: 1) the new Transbay Transit Center, which will be built on the site of the former Transbay Terminal, in downtown San Francisco that will serve 11 transportation systems: AC Transit, BART, Caltrain, Golden Gate Transit, Greyhound, Muni, SamTrans, WestCAT Lynx, Amtrak, paratransit and future high-speed rail service from San Francisco to Los Angeles/Anaheim, and a potential underground pedestrian connection to BART/MUNI Metro; 2) the extension of Caltrain commuter rail service from its current San Francisco terminus at Fourth and King Streets to a new underground terminus at the Transbay Transit Center; and 3) the establishment of a Redevelopment Area Plan with related development projects, including transit-oriented development on publicly owned land in the vicinity of the new multi-modal Transbay Transit Center. The new neighborhood will have approximately 2,600 new residential units - 35 percent of which will be affordable housing on site. All property tax increments from the state-owned parcels less the legally mandated set asides will be dedicated to the project.",1589,2008,2017
43,37,San Francisco,SFCTA,Van Ness BRT,"Full-featured bus rapid transit (BRT) on Van Ness Avenue from Mission to Lombard Streets in San Francisco. Features include dedicated bus lanes, transit signal priority, high-quality stations, proof of payment/all-door boarding, level boarding and reduced stop spacing.",125.6,2013,2018
44,91,San Francisco,SFCTA,Geary BRT,"Design and implement a rail-ready bus rapid transit (BRT) project on Geary Boulevard in San Francisco, including dedicated transit lanes, signal priority, high-quality stations, information systems, proof-of-payment/all-door loading, level boarding and pedestrian and urban design upgrades. Project spans entire corridor from downtown San Francisco to the ocean; exclusive transit-way focus from Van Ness Avenue to 33rd Avenue.",183.7,2017,2019
45,28,San Francisco,SFCTA,Geneva-Harney BRT,"Includes Geneva Transit Preferential Streets (TPS) improvements in mixed right-of-way on Geneva Avenue in San Francisco from Ocean Avenue to Prague Street; Bus Rapid Transit (BRT) on Geneva Avenue from Prague Street to the US Highway 101 interchange. This project will involve an extension by construction of a six-lane arterial from the terminus of Geneva Avenue at Bayshore Boulevard in Brisbane to the US-101/Candlestick Point interchange. The project will include a grade separation at the Caltrain tracks and Tunnel Avenue. The extension project will include Class II bike lanes, on-street parking (convertible to travel lanes during peak periods) and sidewalks on both sides. In coordination with other agencies, sections will be reserved for an exclusive lane for a Bus Rapid Transit (BRT) facility that will connect to the Bayshore Multimodal Station and provide through service to the Balboa BART Station. Re-builds existing Harney Way and widens to eight lanes (six mixed-flow, two bus-only for Bus Rapid Transit service), bike lanes and sidewalks. Project limits: US-101 to Jamestown. Includes Hunters Point Shipyard and Candlestick Point roadway improvements (including two bus-only BRT lanes along Harney Way) to facilitate connection of a five-mile, multi-modal corridor, connecting the Shipyard and Candlestick Point with the Bayshore Intermodal Station. The project includes Bus Rapid Transit service and associated facilities connecting a new transit center at Hunters Point Shipyard to Candlestick Point and on to the Bayshore Intermodal station.",,2012,2026
46,24,San Francisco,SFCTA,Central Subway (Chinatown to Caltrain),"Extends the Third Street Light Rail line in San Francisco north from King Street along Third Street, entering a new Central Subway near Bryant Street and running under Geary and Stockton Streets to Stockton and Clay Streets in Chinatown. New underground stations will be located at Moscone Center, Third & Market Streets, Union Square and Clay Street in Chinatown. Includes procurement of four light-rail vehicles.",1578,2012,2018
47,33,San Francisco,SFCTA,Embarcadero Streetcar (Fort Mason to Caltrain),Provide new historic streetcar service along the Embarcadero between the Caltrain Station and Fisherman's Wharf and extends historic streetcar service from Fisherman´s Wharf to Fort Mason. (Jones Street and Jefferson Street - Leavenworth Street - Beach Street - Fort Mason Center).,68.5,2013,2015
48,96,San Francisco,SFCTA,Parkmerced Light Rail Extension,"Extend light rail corridor into Parkmerced development project, add three new light rail stations and facilities. Add tail track and operator support facilities.",80.9,2018,2021
49,98,San Francisco,SFCTA,Bayshore Light Rail Extension,"Extend the T-Line from Bayshore Boulevard and Sunnydale Avenue to the Caltrain Bayshore Station. Project will include a 3,300-foot loop track and overhead contact wire system, a 450-foot platform alongside the Caltrain platform, bus bays and loading islands, and a 4 MW transit power substation.",50.3,2019,2021
50,54,San Francisco,SFCTA,Transit Effectiveness Project,"The Transit Effectiveness Project (TEP) is a comprehensive effort to improve reliability, reduce transit travel time and update Muni service to better meet current and projected travel patterns throughout San Francisco. Implementation of the TEP will span from Fiscal Years 2011 to 2020 and include the following categories of projects: travel time reduction projects, service improvements, transfer point and terminal investments, overhead wire changes and long-term investment studies.",172.4,2014,2020
51,5,San Francisco,SFCTA,US-101 Operational Improvements along Presidio Parkway/Doyle Drive,"Reconstructs Doyle Drive (US-101) with standard lane widths, shoulders and a median barrier. Reconstructs interchange at SR- 1 and US-101 and add auxiliary lanes between that interchange and Richardson Avenue.",2052.6,2009,2040
52,65,San Francisco,SFCTA,US-101 Candlestick Point Interchange Improvement,This project will reconstruct the US-101/Candlestick Point interchange to a full all-directional interchange with a single-point cross-street connection (via either an overcrossing or undercrossing). The interchange will provide all-direction ramp movements controlled by new signalized intersections at the cross street connections. The US-101 local crossing will allow for a six-lane arterial that includes Class II bike lanes and sidewalks on both sides. The reconstructed interchange will join an improved Harney Way to the east and will join the Geneva Avenue Extension to the west. The project design will accommodate east-west crossing of the planned Bus Rapid Transit (BRT) facility.,209,2015,2020
53,34,San Francisco,SFCTA,I-80/Yerba Buena Island Interchange Improvements,Reconstruct the westbound ramps on the east side of the I-80 San Francisco Bay Bridge Yerba Buena Island Tunnel.,142.2,2013,2016
54,35,San Francisco,SFCTA,New Ferry Route to Treasure Island,"Provide capital improvements including ferry quay and terminal, breakwater, floats and vessels for ferry service from Treasure Island to Gate F in San Francisco's Downtown Ferry Terminal.",57.6,2013,2016
55,94,San Mateo,C/CAG,US-101 HOV Lanes (San Mateo),"Modify existing lanes to accommodate an HOV/HOT lane from Whipple Avenue in Redwood City to the San Francisco County line. May include shoulder modification, ramp modifications and interchange modifications to accommodate an extra lane.",117,2017,2027
56,51,Multiple,C/CAG,Caltrain Electrification & Frequency Improvements,"Frequency improvements (six-train service during peak hours) include rolling expansion and replacement of stock. Electrification: the project includes the installation of ten traction power substations, an overhead catenary system to supply power to the trains, signal and grade crossing circuitry changes and related communications improvements. The traction power substations will be small to medium sized outdoor electrical facilities spaced about five to seven miles apart. They will distribute the power along the route. The main components of the overhead catenary system are poles alongside the tracks (spaced approximately 180 ft. apart) that support the wires over the tracks and supply the power to the trains. The signaling, grade crossing and communications portions of the project include necessary changes to existing circuitry that will be contained within existing or new small enclosures, and therefore will be largely invisible. CBOSS: CBOSS/PTC is a system of signalization, utilizing on-track and off-track sensors, which allows for automated computerized collision prevention, improved manual collision prevention, improved accident prevention and improved headways. PTC/CBOSS will speed up Caltrain service and prepare the Caltrain corridor for high-speed rail. The project is a federal mandate required by 2015 that will reduce the potential for train-to-train collisions and improve signaling at crossings, allowing increased train frequencies while enhancing safety. Additionally, the project will improve grade crossing warning functions at dozens of at-grade streets along its 77-mile route.",1843,2014,2018
57,92,San Mateo,C/CAG,El Camino BRT (Daly City to Palo Alto),This project will institute new rolling stock and infrastructure necessary to accommodate Bus Rapid Transit along the length of El Camino Real from Palo Alto in Santa Clara County to Daly City in San Mateo County.,159.8,2017,2019
58,30,Multiple,C/CAG,Dumbarton Express Bus Frequency Improvements,"Part of Phase I of the Dumbarton Rail Corridor Project. Implements an enhanced Transbay express bus service to provide a high level of service and improved performance consisting of 1) peak period bi-directional service, 30-minute service frequency between Union City and Redwood City with enhanced station stops and transit priority treatments to expedite service; 2) peak period bi-directional service, 15-minute service frequency between Union City and Stanford Research Park including transit priority treatments; and 3) peak period bi-directional service, 15-minute service frequency between Fremont and Stanford University Park with transit priority treatments.",436.3,2013,2014
59,52,San Mateo,C/CAG,New US-101 Auxiliary Lanes from Oyster Point to San Francisco County line,Adds northbound and southbound modified auxiliary lanes.,76.7,2014,2018
60,75,San Mateo,C/CAG,US-101/Produce Avenue Interchange Improvements,Constructs a new interchange to replace the Produce Avenue on- and off-ramps from US-101 in South San Francisco. The South Airport Boulevard hook ramps to US-101 at Wondercolor Lane would also be incorporated into the project.,161.6,2015,2040
61,50,San Mateo,C/CAG,US-101/Broadway Interchange Improvements,Reconstructs the US-101/Broadway interchange in Burlingame.,80.1,2014,2016
62,93,San Mateo,C/CAG,US-101/SR-92 Interchange Improvement,US-101 operational improvements near SR-92. Project may have phased construction.,221.3,2017,2023
63,66,San Mateo,C/CAG,US-101/Woodside Road Interchange Improvement,Modifies the Woodside Road Interchange at US-101 in Redwood City.,72.5,2015,2021
64,63,San Mateo,C/CAG,US-101/Willow Road Interchange Improvement,This project will bring interchange up to current standards and improve on- and off-ramps and connections to local arterials. Addresses the operational deficiencies of the interchange and eliminates traffic weaving at the on- and off-ramps.,60.7,2015,2018
65,112,San Mateo,C/CAG,Willow Road Expressway (SR-84 to US-101),Converts Willow Road (SR-114) between SR-84 and US-101 in Menlo Park/East Palo Alto to an expressway.,64.4,2028,2030
66,60,San Mateo,C/CAG,SR-1 Widening (Fassler Avenue to Westport Drive),"This project would add a northbound lane of traffic to provide for additional storage capacity between the Reina Del Mar Avenue and Fassler Avenue traffic lights in Pacifica so that traffic does not back up south of the Fassler Avenue intersection. The project would also coordinate the Fassler and Reina Del Mar traffic signals and may add a third coordinated signal at Marlo Way. The Westport Drive at-grade intersection may also be closed, thus improving safety.",53.3,2015,2017
67,45,Multiple,C/CAG,New Ferry Route to Redwood City,One of the new routes identified in the Water Emergency Transportation Authority's (WETA) Implementation and Operations Plan. This project would provide Redwood City to San Francisco ferry service.,61,2014,2015
68,46,Multiple,VTA,VTA Express Lanes (SR-85),Converts existing HOV lane to HOT lane between US-101 and I-280. Converts HOV lane and constructs additional HOT lanes between I-280 and SR-87. Converts HOV lane to HOT lane between SR-87 and southbound US-101. Adds an auxiliary lane on SR-85 northbound from the existing South De Anza Boulevard on-ramp to the Stevens Creek Boulevard off-ramp.,187,2014,2015
69,55,Multiple,VTA,VTA Express Lanes (SR-237),Converts SR-237 HOV lanes to HOT lanes between Zanker Road and Mathilda Avenue. Builds new express lanes on SR-237 between Mathilda Avenue and SR-85.,104.4,2014,2020
70,67,Multiple,VTA,VTA Express Lanes (US-101),"Converts HOV lane to HOT lane between Whipple Avenue in Redwood City and the Santa Clara County line. Converts HOV lane to HOT lane and constructs an additional HOT lane between the San Mateo/Santa Clara County line and E. Dunne Avenue in Morgan Hill. Adds auxiliary lanes in both northbound and southbound directions on US-101 from Great America Parkway in Santa Clara to Lawrence Expressway in Sunnyvale. Constructs HOT lanes on US-101 from Cochrane Road in Morgan Hill to Masten Avenue in southern Santa Clara County, from Masten Avenue to 10th Street in Gilroy, and from 10th Street to SR-25 in Gilroy.",712.1,2015,2030
71,25,Multiple,VTA,BART Extension to Berryessa,Extend BART service from the South Fremont/Warm Springs station to Berryessa in San Jose.,3489,2012,2018
72,97,Santa Clara,VTA,BART Extension to Santa Clara,Extend BART service from the Berryessa station to Downtown San Jose and Santa Clara.,3962.3,2018,2024
73,47,Santa Clara,VTA,El Camino BRT (Palo Alto to Eastridge),"Implement Bus Rapid Transit (BRT) line 522 improvements in the El Camino Real/The Alameda corridor including: dedicated guideways, signal prioritization, low-floor boarding, ticket vending machines, premium stations, real-time information and specialized vehicles.",233.7,2014,2015
74,18,Santa Clara,VTA,Santa Clara-Alum Rock BRT,"Implement Bus Rapid Transit (BRT) improvements in the E. Santa Clara Street-Alum Rock Avenue corridor, including: dedicated guideways, signal prioritization, ticket vending machines, premium stations, real-time information and specialized vehicles.",146.6,2012,2014
75,58,Santa Clara,VTA,Stevens Creek BRT,"Implement Bus Rapid Transit (BRT) improvements in the Stevens Creek corridor including: dedicated guideways, signal prioritization, low-floor boarding, ticket vending machines, premium BRT stations, real-time information and specialized vehicles.",165.8,2015,2016
76,83,Santa Clara,VTA,King Road Rapid Transit,"A new Bus Rapid Transit (BRT) line from the Berryessa BART station to the Santa Clara Caltrain station via King Road/Alum Rock Avenue/E. Santa Clara Street/The Alameda/El Camino Real. Takes advantage of existing BRT upgrade included in the Santa Clara-Alum Rock BRT, but also establishes BRT upgrades along King Road, including signal priority. Implements BRT on the King Road corridor including: dedicated guideways, signal prioritization, low-floor boarding, ticket vending machines, premium stations, real-time information and specialized vehicles.",61.9,2016,2017
77,76,Santa Clara,VTA,San Jose Airport People Mover,"Provide transit link to the Mineta International Airport in San Jose from VTA´s Guadalupe Light Rail Transit (LRT) line, Caltrain and future BART to Santa Clara using Automated People Mover (APM) technology.",753.1,2015,2040
78,89,Santa Clara,VTA,Vasona Light Rail Extension,Extend light rail from Winchester Station to SR-85 (Vasona Junction).,178.8,2017,2018
79,36,Santa Clara,VTA,Capitol Expressway Light Rail Extension,Provides light rail extension in the East Valley. Extends the Capitol Avenue light rail line 2.6 miles from the existing Alum Rock Transit Center to a rebuilt Eastridge Transit Center. Includes removal of HOV lanes on Capitol Expressway between Capitol Avenue and Tully Road in San Jose.,293.9,2013,2017
80,77,Santa Clara,VTA,US-101 Widening from Story Road to Yerba Buena Road,"Modifies the US-101/Tully interchange. Constructs operational and safety improvements as follows: constructs one additional lane in the southbound direction from south of the Story Road interchange, modifies the US-101/Tully Road interchange to partial cloverleaf interchange and rebuild the Tully Road interchange. May also include sound walls.",96.5,2015,2040
81,16,Multiple,VTA,New US-101 Auxiliary Lanes from Marsh Road to SR-85,"Add auxiliary lanes and extend double HOV lanes in each direction along US-101 from north of SR-85 to south of Embarcadero Road in Santa Clara County. This project complements the adjoining project in San Mateo County, adding auxiliary lanes between the Santa Clara/San Mateo county line and Marsh Road. Also adds northbound and southbound auxiliary lanes.",237.4,2011,2018
82,109,Santa Clara,VTA,US-101/Oregon Expressway Interchange Improvements,Improvements to the US-101/Oregon Expressway/Embarcadero Road interchange.,128.3,2025,2035
83,101,Santa Clara,VTA,New US-101 Interchange at Zanker Road/Skyport Drive,"Constructs a new interchange at US-101 connecting Zanker Road and Old Bayshore Highway with North Fourth Street and Skyport Drive. The interchange will provide an overcrossing across US-101 to improve limited existing connectivity across US-101 to the North San Jose employment centers. In addition, the interchange would improve access to Mineta International Airport from US-101. The existing intersection at North First Street and Skyport Drive, at North Fourth Street and Old Bayshore Highway, and the northbound US-101 on- and off-ramp and the northbound US-101 off-ramp to Brokaw Road will all be modified to construct this interchange.",112.5,2020,2025
84,108,Santa Clara,VTA,New US-101 Interchange at Mabury Road/E Taylor Street,Constructs a new interchange at Mabury Road/Taylor Street in San Jose with full access to US-101. Relieves local commuter traffic congestion at the Old Oakland Road interchange. The new interchange would act as the primary access to the future Berryessa BART station.,62.7,2024,2030
85,110,Santa Clara,VTA,I-280/SR-85 Interchange Improvements,Reconfigures the existing I-280 northbound off-ramp to Foothill Expressway into a braided ramp with the southbound SR-85 to northbound I-280 direct connector.,102.7,2025,2035
86,111,Santa Clara,VTA,I-280/Senter Road Interchange Improvements,Extends Senter Road in San Jose and constructs new on- and off-ramps and modifies existing on- and off-ramps into a collector/distributor ramp system.,52.4,2026,2029
87,57,Santa Clara,VTA,SR-85/SR-237 Interchange Improvements,"Widens off-ramp from northbound SR-85 to eastbound SR-237 to two lanes. Constructs auxiliary lane on eastbound SR-237 between the SR-85 on-ramp to Middlefield Road. Constructs braid off-ramp on eastbound SR-237 between SR-85 and Dana Street. These improvements will address the current congestion that extends from SR-237 to the SR-85/El Camino Real interchange during the morning peak period. In addition, it would also remove the weave between traffic on eastbound SR-237 exiting onto Dana Street with traffic from northbound SR-85. This project also constructs a collector/distributor road in the westbound direction on SR-237 from the Central Expressway overcrossing to SR-85. Widens off-ramp from westbound SR-237 to southbound SR-85 to two lanes. Adds auxiliary lane in the southbound direction between SR-237 and the El Camino Real interchange on SR-85. Includes SR-85 auxiliary lanes between El Camino Real and SR-237 and SR-85/El Camino Real interchange improvements.",149.1,2014,2035
88,38,Santa Clara,VTA,SR-152 Widening and Realignment (US-101 to SR-156),"The project scope includes US-101 at Monterey Road in Gilroy to the Santa Clara County Line on SR-152. Widens US-101 from Monterey Road to the SR-25/US-101 interchange. Constructs a new interchange at SR-25/US 101 and new alignment of SR-152 from US-101 to SR-156. SR-152 improvements include roadway and access control improvements between SR-156 and the Santa Clara County Line, new eastbound truck climbing lanes over Pacheco Pass and possible toll facilities.",917.5,2013,2018
89,1,Sonoma,SCTA,SMART Commuter Rail Extension to Windsor,Expand and enhance the SMART commuter rail system by constructing a one-station extension from North Santa Rosa to Windsor.,,,
90,19,Sonoma,SCTA,US-101/Petaluma Boulevard Interchange Improvements,"Replaces the Petaluma Boulevard South interchange and adds frontage roads to accommodate a future third lane. Includes widening and seismically upgrading the Petaluma River Bridge. Brings the section of US-101 from the Sonoma County line to the Petaluma Boulevard South interchange up to freeway standards. Currently, it is an expressway between the county line and the Petaluma Boulevard South interchange.",123.4,2012,2014
91,78,Sonoma,SCTA,New SR-12 Interchange at Fulton Road,Constructs an interchange at SR-12 and Fulton Road in Santa Rosa with bike lanes and sidewalks on Fulton Road.,70,2015,2040
92,8,Multiple,SCTA,SMART Commuter Rail (San Rafael to Santa Rosa),"Implements the Sonoma-Marin Area Rail Transit District commuter rail and multi-use pathway project along the 70-mile rail corridor from Cloverdale to Larkspur. This initial operating segment includes environmental, engineering, right-of-way, construction and vehicle procurement and operations along a 37-mile corridor from Santa Rosa Railroad Square to Downtown San Rafael. Includes completion of the CalPark Tunnel.",360,2011,2013
93,95,Solano,STA,I-80 Widening (I-680 to Air Base Parkway),Provides auxiliary lanes on I-80 in the east and westbound directions from I-680 to Air Base Parkway in Fairfield. Also includes an eastbound mixed-flow lane from SR-12 East to Air Base Parkway and removes the I-80/Auto Mall Parkway hook ramps and the collector-distributor road slip-ramp.,51.6,2018,2020
94,20,Solano,STA,I-80/I-680/SR-12 Interchange Improvements,"Widens I-80 and I-680 and improves the connections from westbound I-80 to I-680 and SR-12 West. Directly connects: 1) northbound I-680 and SR-12 West; 2) northbound I-680 to westbound SR-12 and westbound I-80; and 3) eastbound I-80 to southbound I-680. Connects the I-80/Red Top Road interchange with Business Center Drive and constructs or improves interchanges at SR-12 West/Red Top Road, I-80/Red Top Road, I-80/Green Valley Road, and I-680/Red Top Road. Also, a third eastbound lane would be added to SR-12 East from the Chadbourne Road on-ramp to the Webster Street off-ramp.",577.9,2012,2014
95,79,Solano,STA,Redwood Parkway/Fairground Drive Widening,Improvements to interchanges and widening of roadways serving the Solano County Fairgrounds and including Redwood Parkway.,96.4,2015,2040
96,2,Marin,TAM,SMART Commuter Rail Extension to Larkspur,Expands and enhances the Sonoma-Marin Area Rail Transit (SMART) commuter rail system by constructing a one-station extension from San Rafael to Larkspur.,,,
97,61,Marin,TAM,US-101 Operational Improvements in the Twin Cities/Greenbrae Corridor,"Provide enhanced regional and local access within the US-101 Twin Cities corridor, including the Greenbrae interchange in order to reduce traffic congestion and provide multimodal access within the Richmond-San Rafael Bridge Corridor and the Larkspur Ferry Terminal. Improvements include constructing and modifying access ramps, adding new bus stops at the Greenbrae interchange - allowing improved access to the Ferry Terminal and allowing regional and local bus passenger transfers, as well as relocating and improving access to existing bus transit facilities. Improvements also include adding new Class I multi-use pedestrian and bicycle facilities and other non-motorized transportation facilities.",,2015,2017
98,62,Marin,TAM,US-101/Greenbrae Interchange Improvement,Part of the overall US-101 Operational Improvements in the Twin Cities/Greenbrae Corridor project. Improves the Greenbrae interchange and adds new bus stops.,,2015,2017
99,29,Multiple,TAM,US-101 HOV Lanes (Marin-Sonoma),"Extends the US-101 HOV lane in Marin County from SR-37 to Atherton Avenue in the northbound direction and to Rowland Boulevard in the southbound direction. Constructs the Redwood Landfill Interchange with frontage roads and a Class I bike path. Realigns mainline at San Antonio Creek to avoid flooding and to provide standard sight distance. The project would result in one HOV and two general purpose lanes in each direction. The HOV lanes would connect to HOV lanes extending from Novato to Richardson Bay Bridge. This project will close most of the direct access points to US-101 and will provide access through frontage roads and interchanges. Additionally, extends the US-101 HOV lane from Atherton Avenue to the Marin/Sonoma County line in the northbound direction and from Rowland Boulevard to the Marin/Sonoma County line in the southbound direction. This project will complete the HOV lane system in Marin County from Richardson Bay Bridge to the Marin/Sonoma County line. Also adds one HOV lane in each direction to US-101 from Old Redwood Highway in Petaluma to the Marin/Sonoma County line making the freeway six lanes wide. Includes widening and replacing the SR-116 separation bridges.",561,2012,2040
100,13,Multiple,NCTPA,SR-12 Jameson Canyon Widening,Widens SR-12 (Jameson Canyon) from SR-29 in Napa County to I-80 in Solano County from two lanes to four lanes. Completes upgrade of SR-12 (Jameson Canyon) between Napa and Solano Counties including grade realignment and a full safety barrier.,153,2011,2015
101,87,Solano,MTC,I-80 Express Lanes (Air Base Parkway to Red Top Road),Converts existing HOV lanes to HOT lanes on I-80 in each direction from Air Base Parkway to Red Top Road in Fairfield.,21,2016,2019
102,53,Solano,MTC,I-80 Express Lanes (I-505 to Air Base Parkway),Widens I-80 to add one HOV/HOT lane in each direction between I-505 and Air Base Parkway in Fairfield.,139,2014,2019
103,56,Contra Costa,MTC,I-680 Express Lanes (Livorna/Rudgear Road to Alcosta Boulevard),"Through the I-680/SR-24 interchange, this project adds an HOV lane on southbound I-680, through minor widening and restriping to narrower lanes. Existing number of mixed flow lanes will be kept the same. Provides an HOV lane in the northbound direction between N. Main Street in Walnut Creek and SR-242, which will shorten a gap in the HOV network that currently exists between Livorna Road and SR-242.",122,2014,2020
104,100,Contra Costa,MTC,I-680 Express Lanes (Marina Vista Avenue to Rudgear Road),Widens I-680 between Marina Vista Avenue in Martinez and Rudgear Road in Walnut Creek to add a southbound and northbound HOV/HOT lane.,304,2019,2029
105,102,Multi-County,MTC,I-880 Express Lanes (Dixon Landing Road to Hegenberger Road),Converts existing HOV lanes on I-880 between Dixon landing Road in Fremont to Marina Boulevard in San Leandro to HOT lanes. Extends southbound HOV lanes from Hegenberger Road in Oakland to Marina Boulevard. Widens I-880 to add a new northbound HOT lane from Hegenberger Road to Lewelling Boulevard in San Leandro.,53,2021,2024
106,104,Alameda,MTC,SR-84 Express Lanes (I-880 to Dumbarton Bridge),Converts existing westbound HOV lane to a HOT lane.,4,2024,2029
107,105,Alameda,MTC,SR-92 Express Lanes (I-880 to San Mateo Bridge),Converts existing westbound HOV lane to a HOT lane.,4,2024,2029
108,106,Multi-County,MTC,I-80 Express Lanes (Carquinez Bridge to Powell Street),Converts existing HOV lanes in each direction on I-80 between the Carquinez Bridge and Powell Street in Emeryville to HOT lanes.,,2024,2029
109,113,Solano,MTC,I-80 Express Lanes (Red Top Road to SR-37),Widens I-80 from Red Top Road in Fairfield to SR-37 in Vallejo to add one HOV/HOT lane in each direction.,160,2029,2034
110,107,Solano,MTC,I-80 Express Lanes (Yolo County Line to I-505),Widens I-80 from the Yolo County line to I-505 to add one HOV/HOT lane in each direction.,427,2024,2029
111,99,Solano,MTC,I-80 Express Lanes (SR-37 to Carquinez Bridge),Widens I-80 from SR-37 in Vallejo to the Carquinez Bridge to add one HOV/HOT lane in each direction.,184,2019,2024
112,80,Alameda,MTC,I-80/I-880 Express Lanes (MacArthur Maze to Bay Bridge),Extend HOV Lane on northbound I-880 from existing HOV terminus at Bay Bridge approach to the Maritime on-ramp to provide HOV access from Maritime to the San Francisco-Oakland Bay Bridge toll plaza. Also converts existing HOV lanes to HOT lanes in each direction.,,2015,2040
113,114,Solano,MTC,I-80/I-680 Interchange - New Express Lane Connectors,Widens interchange to add one HOV/HOT lane on the connector ramps for traffic moving from northbound I-680 to eastbound I-80 and from westbound I-80 to southbound I-680.,140,2029,2034
114,115,Alameda,MTC,I-580 Express Lanes (San Joaquin County Line to Greenville Road),Widens I-580 to add one HOV/HOT lane in each direction from Greenville Road in Livermore to the San Joaquin County line.,391,2029,2034
115,86,Alameda,MTC,I-680 Express Lanes (Alcosta Boulevard to SR-84),"Provides HOV/HOT lanes, implementing the MTC HOV Master Plan as well as improving local and regional traffic connections and reducing congestion. Constructs a HOV/HOT lane on I-680 from Alcosta Boulevard in Dublin to SR-84 In Sunol. Constructs a HOV/HOT lane on I-680 from Route 84 to Alcosta Blvd in both directions.",322,2016,2018
116,116,Solano,MTC,I-680 Express Lanes (I-80 to I-780),Widens I-680 to add one HOV/HOT lane in each direction.,335,2029,2034
